cultura,area_m2
milho,10000.0
milho,30000.0
soja,314.1592653589793
milho,250.0
soja,12.566370614359172
milho,4.0
soja,12.566370614359172
milho,4000.0
soja,78.53981633974483
